Title,Category
Nauru cuts ties with Taiwan in favour of China,Asia
Drone video shows Gaza destruction after 100 days of war,Middle East
Maldives ultimatum on troops deepens row with India,India
Fans rejoice at Zayn Malik singing in Urdu,Asia
"Trump, Haley and DeSantis make final pitches in Iowa",US & Canada
What Gandhi's justice march means for India election,India
Houthi missile hits US-owned ship off Yemen coast - US officials,Middle East
Sealed with a kiss: Frederik X becomes King of Denmark,Europe
China says US 'gravely wrong' to congratulate Taiwan leader,Asia
Sealed with a kiss: Frederik X becomes King of Denmark,Europe
China says US 'gravely wrong' to congratulate Taiwan leader,Asia
Ukraine says it shot down Russian spy plane,Europe
"AI to hit 40% of jobs and worsen inequality, IMF says",Business
Released Iranian journalists face new hijab case,Middle East
The spectacular fail of self-checkout tech,BBC Worklife
Peru's unknown site to rival Machu Picchu,BBC Travel
How Princess Diana's brave act sparked change,BBC Culture
Why the hovercraft may rise again,BBC Future
Do mocktails scratch the Dry January itch?,BBC Worklife
A warming sweet for cold-flu season,BBC Travel
